<?xml version="1.0" encoding="UTF-8" standalone="yes"?>
<game>
    <aiPlayers>
        <player>
            <cards>
                <colour>ORANGE</colour>
                <quantity>1</quantity>
            </cards>
            <cards>
                <colour>GREEN</colour>
                <quantity>2</quantity>
            </cards>
            <cards>
                <colour>PURPLE</colour>
                <quantity>1</quantity>
            </cards>
            <cards>
                <colour>WHITE</colour>
                <quantity>1</quantity>
            </cards>
            <cards>
                <colour>BLUE</colour>
                <quantity>2</quantity>
            </cards>
            <cards>
                <colour>RED</colour>
                <quantity>2</quantity>
            </cards>
            <cards>
                <colour>BLACK</colour>
                <quantity>1</quantity>
            </cards>
            <dedications/>
            <favors>1</favors>
            <id>0</id>
            <name>Alpha</name>
            <tiles>
                <direction>0</direction>
                <id>GROW_</id>
                <platform>false</platform>
                <sides>
                    <colour>GREEN</colour>
                </sides>
                <sides>
                    <colour>RED</colour>
                </sides>
                <sides>
                    <colour>ORANGE</colour>
                </sides>
                <sides>
                    <colour>WHITE</colour>
                </sides>
            </tiles>
            <tiles>
                <direction>0</direction>
                <id>WGOG$</id>
                <platform>true</platform>
                <sides>
                    <colour>WHITE</colour>
                </sides>
                <sides>
                    <colour>GREEN</colour>
                </sides>
                <sides>
                    <colour>ORANGE</colour>
                </sides>
                <sides>
                    <colour>GREEN</colour>
                </sides>
            </tiles>
            <tiles>
                <direction>0</direction>
                <id>OKPR_</id>
                <platform>false</platform>
                <sides>
                    <colour>ORANGE</colour>
                </sides>
                <sides>
                    <colour>BLACK</colour>
                </sides>
                <sides>
                    <colour>PURPLE</colour>
                </sides>
                <sides>
                    <colour>RED</colour>
                </sides>
            </tiles>
        </player>
        <type>UNPREDICTABLE</type>
    </aiPlayers>
    <aiPlayers>
        <player>
            <cards>
                <colour>ORANGE</colour>
                <quantity>1</quantity>
            </cards>
            <cards>
                <colour>GREEN</colour>
                <quantity>1</quantity>
            </cards>
            <cards>
                <colour>PURPLE</colour>
                <quantity>2</quantity>
            </cards>
            <cards>
                <colour>WHITE</colour>
                <quantity>3</quantity>
            </cards>
            <cards>
                <colour>BLUE</colour>
                <quantity>3</quantity>
            </cards>
            <cards>
                <colour>RED</colour>
                <quantity>0</quantity>
            </cards>
            <cards>
                <colour>BLACK</colour>
                <quantity>1</quantity>
            </cards>
            <dedications/>
            <favors>1</favors>
            <id>1</id>
            <name>Bravo</name>
            <tiles>
                <direction>0</direction>
                <id>BPKO_</id>
                <platform>false</platform>
                <sides>
                    <colour>BLUE</colour>
                </sides>
                <sides>
                    <colour>PURPLE</colour>
                </sides>
                <sides>
                    <colour>BLACK</colour>
                </sides>
                <sides>
                    <colour>ORANGE</colour>
                </sides>
            </tiles>
            <tiles>
                <direction>0</direction>
                <id>PPRG$</id>
                <platform>true</platform>
                <sides>
                    <colour>PURPLE</colour>
                </sides>
                <sides>
                    <colour>PURPLE</colour>
                </sides>
                <sides>
                    <colour>RED</colour>
                </sides>
                <sides>
                    <colour>GREEN</colour>
                </sides>
            </tiles>
            <tiles>
                <direction>0</direction>
                <id>BRKG_</id>
                <platform>false</platform>
                <sides>
                    <colour>BLUE</colour>
                </sides>
                <sides>
                    <colour>RED</colour>
                </sides>
                <sides>
                    <colour>BLACK</colour>
                </sides>
                <sides>
                    <colour>GREEN</colour>
                </sides>
            </tiles>
        </player>
        <type>UNPREDICTABLE</type>
    </aiPlayers>
    <cards>
        <colour>ORANGE</colour>
        <quantity>3</quantity>
    </cards>
    <cards>
        <colour>GREEN</colour>
        <quantity>2</quantity>
    </cards>
    <cards>
        <colour>PURPLE</colour>
        <quantity>2</quantity>
    </cards>
    <cards>
        <colour>WHITE</colour>
        <quantity>1</quantity>
    </cards>
    <cards>
        <colour>BLUE</colour>
        <quantity>0</quantity>
    </cards>
    <cards>
        <colour>RED</colour>
        <quantity>3</quantity>
    </cards>
    <cards>
        <colour>BLACK</colour>
        <quantity>3</quantity>
    </cards>
    <currentTurnPlayer>1</currentTurnPlayer>
    <dedications>
        <dedications>
            <token>
                <tokenType>FOUR_OF_A_KIND</tokenType>
                <tokenValue>4</tokenValue>
            </token>
            <token>
                <tokenType>FOUR_OF_A_KIND</tokenType>
                <tokenValue>5</tokenValue>
            </token>
            <token>
                <tokenType>FOUR_OF_A_KIND</tokenType>
                <tokenValue>5</tokenValue>
            </token>
            <token>
                <tokenType>FOUR_OF_A_KIND</tokenType>
                <tokenValue>6</tokenValue>
            </token>
            <token>
                <tokenType>FOUR_OF_A_KIND</tokenType>
                <tokenValue>7</tokenValue>
            </token>
            <token>
                <tokenType>FOUR_OF_A_KIND</tokenType>
                <tokenValue>8</tokenValue>
            </token>
        </dedications>
        <dedications>
            <token>
                <tokenType>THREE_PAIRS</tokenType>
                <tokenValue>5</tokenValue>
            </token>
            <token>
                <tokenType>THREE_PAIRS</tokenType>
                <tokenValue>5</tokenValue>
            </token>
            <token>
                <tokenType>THREE_PAIRS</tokenType>
                <tokenValue>6</tokenValue>
            </token>
            <token>
                <tokenType>THREE_PAIRS</tokenType>
                <tokenValue>7</tokenValue>
            </token>
            <token>
                <tokenType>THREE_PAIRS</tokenType>
                <tokenValue>8</tokenValue>
            </token>
            <token>
                <tokenType>THREE_PAIRS</tokenType>
                <tokenValue>9</tokenValue>
            </token>
        </dedications>
        <dedications>
            <token>
                <tokenType>SEVEN_UNIQUE</tokenType>
                <tokenValue>5</tokenValue>
            </token>
            <token>
                <tokenType>SEVEN_UNIQUE</tokenType>
                <tokenValue>6</tokenValue>
            </token>
            <token>
                <tokenType>SEVEN_UNIQUE</tokenType>
                <tokenValue>7</tokenValue>
            </token>
            <token>
                <tokenType>SEVEN_UNIQUE</tokenType>
                <tokenValue>8</tokenValue>
            </token>
            <token>
                <tokenType>SEVEN_UNIQUE</tokenType>
                <tokenValue>9</tokenValue>
            </token>
            <token>
                <tokenType>SEVEN_UNIQUE</tokenType>
                <tokenValue>10</tokenValue>
            </token>
        </dedications>
        <dedications>
            <token>
                <tokenType>GENERIC</tokenType>
                <tokenValue>4</tokenValue>
            </token>
            <token>
                <tokenType>GENERIC</tokenType>
                <tokenValue>4</tokenValue>
            </token>
            <token>
                <tokenType>GENERIC</tokenType>
                <tokenValue>4</tokenValue>
            </token>
        </dedications>
    </dedications>
    <favors>18</favors>
    <id>1439500239927_AlphaBravo</id>
    <lake>
        <item>
            <direction>0</direction>
            <id>OPWW$</id>
            <platform>true</platform>
            <sides>
                <adjacent>GBKO_</adjacent>
                <colour>ORANGE</colour>
            </sides>
            <sides>
                <adjacent>GGGR_</adjacent>
                <colour>PURPLE</colour>
            </sides>
            <sides>
                <colour>WHITE</colour>
            </sides>
            <sides>
                <colour>WHITE</colour>
            </sides>
        </item>
        <item>
            <direction>0</direction>
            <id>GBKO_</id>
            <platform>false</platform>
            <sides>
                <adjacent>BWOR_</adjacent>
                <colour>GREEN</colour>
            </sides>
            <sides>
                <adjacent>BRWK$</adjacent>
                <colour>BLUE</colour>
            </sides>
            <sides>
                <adjacent>OPWW$</adjacent>
                <colour>BLACK</colour>
            </sides>
            <sides>
                <colour>ORANGE</colour>
            </sides>
        </item>
        <item>
            <direction>3</direction>
            <id>BWOR_</id>
            <platform>false</platform>
            <sides>
                <adjacent>OBWO$</adjacent>
                <colour>RED</colour>
            </sides>
            <sides>
                <adjacent>WGPB_</adjacent>
                <colour>BLUE</colour>
            </sides>
            <sides>
                <adjacent>GBKO_</adjacent>
                <colour>WHITE</colour>
            </sides>
            <sides>
                <colour>ORANGE</colour>
            </sides>
        </item>
        <item>
            <direction>1</direction>
            <id>OBWO$</id>
            <platform>true</platform>
            <sides>
                <colour>BLUE</colour>
            </sides>
            <sides>
                <adjacent>KWKW$</adjacent>
                <colour>WHITE</colour>
            </sides>
            <sides>
                <adjacent>BWOR_</adjacent>
                <colour>ORANGE</colour>
            </sides>
            <sides>
                <colour>ORANGE</colour>
            </sides>
        </item>
    </lake>
    <lake>
        <item>
            <direction>1</direction>
            <id>GGGR_</id>
            <platform>false</platform>
            <sides>
                <adjacent>BRWK$</adjacent>
                <colour>GREEN</colour>
            </sides>
            <sides>
                <colour>GREEN</colour>
            </sides>
            <sides>
                <colour>RED</colour>
            </sides>
            <sides>
                <adjacent>OPWW$</adjacent>
                <colour>GREEN</colour>
            </sides>
        </item>
        <item>
            <direction>1</direction>
            <id>BRWK$</id>
            <platform>true</platform>
            <sides>
                <adjacent>WGPB_</adjacent>
                <colour>RED</colour>
            </sides>
            <sides>
                <adjacent>WKOK_</adjacent>
                <colour>WHITE</colour>
            </sides>
            <sides>
                <adjacent>GGGR_</adjacent>
                <colour>BLACK</colour>
            </sides>
            <sides>
                <adjacent>GBKO_</adjacent>
                <colour>BLUE</colour>
            </sides>
        </item>
        <item>
            <direction>2</direction>
            <id>WGPB_</id>
            <platform>false</platform>
            <sides>
                <adjacent>KWKW$</adjacent>
                <colour>PURPLE</colour>
            </sides>
            <sides>
                <colour>BLUE</colour>
            </sides>
            <sides>
                <adjacent>BRWK$</adjacent>
                <colour>WHITE</colour>
            </sides>
            <sides>
                <adjacent>BWOR_</adjacent>
                <colour>GREEN</colour>
            </sides>
        </item>
        <item>
            <direction>1</direction>
            <id>KWKW$</id>
            <platform>true</platform>
            <sides>
                <colour>WHITE</colour>
            </sides>
            <sides>
                <colour>BLACK</colour>
            </sides>
            <sides>
                <adjacent>WGPB_</adjacent>
                <colour>WHITE</colour>
            </sides>
            <sides>
                <adjacent>OBWO$</adjacent>
                <colour>BLACK</colour>
            </sides>
        </item>
    </lake>
    <lake>
        <item xsi:nil="true" xmlns:xsi="http://www.w3.org/2001/XMLSchema-instance"/>
        <item>
            <direction>1</direction>
            <id>WKOK_</id>
            <platform>false</platform>
            <sides>
                <colour>BLACK</colour>
            </sides>
            <sides>
                <adjacent>PBPG$</adjacent>
                <colour>ORANGE</colour>
            </sides>
            <sides>
                <colour>BLACK</colour>
            </sides>
            <sides>
                <adjacent>BRWK$</adjacent>
                <colour>WHITE</colour>
            </sides>
        </item>
        <item xsi:nil="true" xmlns:xsi="http://www.w3.org/2001/XMLSchema-instance"/>
        <item xsi:nil="true" xmlns:xsi="http://www.w3.org/2001/XMLSchema-instance"/>
    </lake>
    <lake>
        <item xsi:nil="true" xmlns:xsi="http://www.w3.org/2001/XMLSchema-instance"/>
        <item>
            <direction>1</direction>
            <id>PBPG$</id>
            <platform>true</platform>
            <sides>
                <colour>BLUE</colour>
            </sides>
            <sides>
                <colour>PURPLE</colour>
            </sides>
            <sides>
                <colour>GREEN</colour>
            </sides>
            <sides>
                <adjacent>WKOK_</adjacent>
                <colour>PURPLE</colour>
            </sides>
        </item>
        <item xsi:nil="true" xmlns:xsi="http://www.w3.org/2001/XMLSchema-instance"/>
        <item xsi:nil="true" xmlns:xsi="http://www.w3.org/2001/XMLSchema-instance"/>
    </lake>
    <started>false</started>
    <tiles>
        <direction>0</direction>
        <id>BWGP_</id>
        <platform>false</platform>
        <sides>
            <colour>BLUE</colour>
        </sides>
        <sides>
            <colour>WHITE</colour>
        </sides>
        <sides>
            <colour>GREEN</colour>
        </sides>
        <sides>
            <colour>PURPLE</colour>
        </sides>
    </tiles>
    <tiles>
        <direction>0</direction>
        <id>RGGR$</id>
        <platform>true</platform>
        <sides>
            <colour>RED</colour>
        </sides>
        <sides>
            <colour>GREEN</colour>
        </sides>
        <sides>
            <colour>GREEN</colour>
        </sides>
        <sides>
            <colour>RED</colour>
        </sides>
    </tiles>
    <tiles>
        <direction>0</direction>
        <id>BPWR_</id>
        <platform>false</platform>
        <sides>
            <colour>BLUE</colour>
        </sides>
        <sides>
            <colour>PURPLE</colour>
        </sides>
        <sides>
            <colour>WHITE</colour>
        </sides>
        <sides>
            <colour>RED</colour>
        </sides>
    </tiles>
    <tiles>
        <direction>0</direction>
        <id>OPOO_</id>
        <platform>false</platform>
        <sides>
            <colour>ORANGE</colour>
        </sides>
        <sides>
            <colour>PURPLE</colour>
        </sides>
        <sides>
            <colour>ORANGE</colour>
        </sides>
        <sides>
            <colour>ORANGE</colour>
        </sides>
    </tiles>
    <tiles>
        <direction>0</direction>
        <id>RKRO$</id>
        <platform>true</platform>
        <sides>
            <colour>RED</colour>
        </sides>
        <sides>
            <colour>BLACK</colour>
        </sides>
        <sides>
            <colour>RED</colour>
        </sides>
        <sides>
            <colour>ORANGE</colour>
        </sides>
    </tiles>
    <tiles>
        <direction>0</direction>
        <id>RKGP_</id>
        <platform>false</platform>
        <sides>
            <colour>RED</colour>
        </sides>
        <sides>
            <colour>BLACK</colour>
        </sides>
        <sides>
            <colour>GREEN</colour>
        </sides>
        <sides>
            <colour>PURPLE</colour>
        </sides>
    </tiles>
    <tiles>
        <direction>0</direction>
        <id>RKKP$</id>
        <platform>true</platform>
        <sides>
            <colour>RED</colour>
        </sides>
        <sides>
            <colour>BLACK</colour>
        </sides>
        <sides>
            <colour>BLACK</colour>
        </sides>
        <sides>
            <colour>PURPLE</colour>
        </sides>
    </tiles>
</game>
