<?xml version="1.0" encoding="UTF-8" standalone="yes"?>
<game>
    <cards>
        <colour>ORANGE</colour>
        <quantity>1</quantity>
    </cards>
    <cards>
        <colour>GREEN</colour>
        <quantity>1</quantity>
    </cards>
    <cards>
        <colour>PURPLE</colour>
        <quantity>1</quantity>
    </cards>
    <cards>
        <colour>WHITE</colour>
        <quantity>0</quantity>
    </cards>
    <cards>
        <colour>BLUE</colour>
        <quantity>1</quantity>
    </cards>
    <cards>
        <colour>RED</colour>
        <quantity>0</quantity>
    </cards>
    <cards>
        <colour>BLACK</colour>
        <quantity>1</quantity>
    </cards>
    <currentTurnPlayer>0</currentTurnPlayer>
    <dedications>
        <dedications>
            <token>
                <tokenType>FOUR_OF_A_KIND</tokenType>
                <tokenValue>4</tokenValue>
            </token>
            <token>
                <tokenType>FOUR_OF_A_KIND</tokenType>
                <tokenValue>5</tokenValue>
            </token>
            <token>
                <tokenType>FOUR_OF_A_KIND</tokenType>
                <tokenValue>5</tokenValue>
            </token>
            <token>
                <tokenType>FOUR_OF_A_KIND</tokenType>
                <tokenValue>6</tokenValue>
            </token>
            <token>
                <tokenType>FOUR_OF_A_KIND</tokenType>
                <tokenValue>7</tokenValue>
            </token>
            <token>
                <tokenType>FOUR_OF_A_KIND</tokenType>
                <tokenValue>8</tokenValue>
            </token>
        </dedications>
        <dedications>
            <token>
                <tokenType>THREE_PAIRS</tokenType>
                <tokenValue>5</tokenValue>
            </token>
            <token>
                <tokenType>THREE_PAIRS</tokenType>
                <tokenValue>5</tokenValue>
            </token>
            <token>
                <tokenType>THREE_PAIRS</tokenType>
                <tokenValue>6</tokenValue>
            </token>
            <token>
                <tokenType>THREE_PAIRS</tokenType>
                <tokenValue>7</tokenValue>
            </token>
            <token>
                <tokenType>THREE_PAIRS</tokenType>
                <tokenValue>8</tokenValue>
            </token>
            <token>
                <tokenType>THREE_PAIRS</tokenType>
                <tokenValue>9</tokenValue>
            </token>
        </dedications>
        <dedications>
            <token>
                <tokenType>SEVEN_UNIQUE</tokenType>
                <tokenValue>5</tokenValue>
            </token>
            <token>
                <tokenType>SEVEN_UNIQUE</tokenType>
                <tokenValue>6</tokenValue>
            </token>
            <token>
                <tokenType>SEVEN_UNIQUE</tokenType>
                <tokenValue>7</tokenValue>
            </token>
            <token>
                <tokenType>SEVEN_UNIQUE</tokenType>
                <tokenValue>8</tokenValue>
            </token>
            <token>
                <tokenType>SEVEN_UNIQUE</tokenType>
                <tokenValue>9</tokenValue>
            </token>
            <token>
                <tokenType>SEVEN_UNIQUE</tokenType>
                <tokenValue>10</tokenValue>
            </token>
        </dedications>
        <dedications>
            <token>
                <tokenType>GENERIC</tokenType>
                <tokenValue>4</tokenValue>
            </token>
            <token>
                <tokenType>GENERIC</tokenType>
                <tokenValue>4</tokenValue>
            </token>
            <token>
                <tokenType>GENERIC</tokenType>
                <tokenValue>4</tokenValue>
            </token>
        </dedications>
    </dedications>
    <favors>0</favors>
    <id>1438275433533_BravoAlpha</id>
    <lake>
        <platform>false</platform>
        <sides>
            <colour>RED</colour>
        </sides>
        <sides>
            <colour>WHITE</colour>
        </sides>
        <sides>
            <colour>BLACK</colour>
        </sides>
        <sides>
            <colour>BLUE</colour>
        </sides>
    </lake>
    <players>
        <cards>
            <colour>ORANGE</colour>
            <quantity>4</quantity>
        </cards>
        <cards>
            <colour>GREEN</colour>
            <quantity>4</quantity>
        </cards>
        <cards>
            <colour>PURPLE</colour>
            <quantity>4</quantity>
        </cards>
        <cards>
            <colour>WHITE</colour>
            <quantity>4</quantity>
        </cards>
        <cards>
            <colour>BLUE</colour>
            <quantity>4</quantity>
        </cards>
        <cards>
            <colour>RED</colour>
            <quantity>5</quantity>
        </cards>
        <cards>
            <colour>BLACK</colour>
            <quantity>4</quantity>
        </cards>
        <dedications/>
        <favors>20</favors>
        <id>0</id>
        <name>Bravo</name>
        <tiles>
            <platform>true</platform>
            <sides>
                <colour>PURPLE</colour>
            </sides>
            <sides>
                <colour>BLUE</colour>
            </sides>
            <sides>
                <colour>PURPLE</colour>
            </sides>
            <sides>
                <colour>GREEN</colour>
            </sides>
        </tiles>
        <tiles>
            <platform>true</platform>
            <sides>
                <colour>ORANGE</colour>
            </sides>
            <sides>
                <colour>BLUE</colour>
            </sides>
            <sides>
                <colour>WHITE</colour>
            </sides>
            <sides>
                <colour>ORANGE</colour>
            </sides>
        </tiles>
        <tiles>
            <platform>true</platform>
            <sides>
                <colour>RED</colour>
            </sides>
            <sides>
                <colour>BLACK</colour>
            </sides>
            <sides>
                <colour>RED</colour>
            </sides>
            <sides>
                <colour>ORANGE</colour>
            </sides>
        </tiles>
    </players>
    <players>
        <cards>
            <colour>ORANGE</colour>
            <quantity>0</quantity>
        </cards>
        <cards>
            <colour>GREEN</colour>
            <quantity>0</quantity>
        </cards>
        <cards>
            <colour>PURPLE</colour>
            <quantity>0</quantity>
        </cards>
        <cards>
            <colour>WHITE</colour>
            <quantity>1</quantity>
        </cards>
        <cards>
            <colour>BLUE</colour>
            <quantity>0</quantity>
        </cards>
        <cards>
            <colour>RED</colour>
            <quantity>0</quantity>
        </cards>
        <cards>
            <colour>BLACK</colour>
            <quantity>0</quantity>
        </cards>
        <dedications/>
        <favors>0</favors>
        <id>1</id>
        <name>Alpha</name>
        <tiles>
            <platform>false</platform>
            <sides>
                <colour>GREEN</colour>
            </sides>
            <sides>
                <colour>GREEN</colour>
            </sides>
            <sides>
                <colour>GREEN</colour>
            </sides>
            <sides>
                <colour>RED</colour>
            </sides>
        </tiles>
        <tiles>
            <platform>false</platform>
            <sides>
                <colour>GREEN</colour>
            </sides>
            <sides>
                <colour>BLUE</colour>
            </sides>
            <sides>
                <colour>BLACK</colour>
            </sides>
            <sides>
                <colour>ORANGE</colour>
            </sides>
        </tiles>
        <tiles>
            <platform>false</platform>
            <sides>
                <colour>BLUE</colour>
            </sides>
            <sides>
                <colour>WHITE</colour>
            </sides>
            <sides>
                <colour>ORANGE</colour>
            </sides>
            <sides>
                <colour>RED</colour>
            </sides>
        </tiles>
    </players>
    <started>false</started>
    <tiles>
        <platform>true</platform>
        <sides>
            <colour>PURPLE</colour>
        </sides>
        <sides>
            <colour>BLUE</colour>
        </sides>
        <sides>
            <colour>PURPLE</colour>
        </sides>
        <sides>
            <colour>GREEN</colour>
        </sides>
    </tiles>
    <tiles>
        <platform>false</platform>
        <sides>
            <colour>WHITE</colour>
        </sides>
        <sides>
            <colour>GREEN</colour>
        </sides>
        <sides>
            <colour>PURPLE</colour>
        </sides>
        <sides>
            <colour>BLUE</colour>
        </sides>
    </tiles>
    <tiles>
        <platform>false</platform>
        <sides>
            <colour>RED</colour>
        </sides>
        <sides>
            <colour>GREEN</colour>
        </sides>
        <sides>
            <colour>BLACK</colour>
        </sides>
        <sides>
            <colour>RED</colour>
        </sides>
    </tiles>
    <tiles>
        <platform>true</platform>
        <sides>
            <colour>RED</colour>
        </sides>
        <sides>
            <colour>BLACK</colour>
        </sides>
        <sides>
            <colour>BLACK</colour>
        </sides>
        <sides>
            <colour>PURPLE</colour>
        </sides>
    </tiles>
    <tiles>
        <platform>true</platform>
        <sides>
            <colour>ORANGE</colour>
        </sides>
        <sides>
            <colour>BLUE</colour>
        </sides>
        <sides>
            <colour>ORANGE</colour>
        </sides>
        <sides>
            <colour>BLUE</colour>
        </sides>
    </tiles>
    <tiles>
        <platform>true</platform>
        <sides>
            <colour>PURPLE</colour>
        </sides>
        <sides>
            <colour>PURPLE</colour>
        </sides>
        <sides>
            <colour>RED</colour>
        </sides>
        <sides>
            <colour>GREEN</colour>
        </sides>
    </tiles>
    <tiles>
        <platform>true</platform>
        <sides>
            <colour>WHITE</colour>
        </sides>
        <sides>
            <colour>BLUE</colour>
        </sides>
        <sides>
            <colour>BLACK</colour>
        </sides>
        <sides>
            <colour>BLUE</colour>
        </sides>
    </tiles>
    <tiles>
        <platform>false</platform>
        <sides>
            <colour>PURPLE</colour>
        </sides>
        <sides>
            <colour>PURPLE</colour>
        </sides>
        <sides>
            <colour>BLACK</colour>
        </sides>
        <sides>
            <colour>PURPLE</colour>
        </sides>
    </tiles>
    <tiles>
        <platform>false</platform>
        <sides>
            <colour>WHITE</colour>
        </sides>
        <sides>
            <colour>WHITE</colour>
        </sides>
        <sides>
            <colour>RED</colour>
        </sides>
        <sides>
            <colour>GREEN</colour>
        </sides>
    </tiles>
    <tiles>
        <platform>false</platform>
        <sides>
            <colour>BLUE</colour>
        </sides>
        <sides>
            <colour>BLACK</colour>
        </sides>
        <sides>
            <colour>WHITE</colour>
        </sides>
        <sides>
            <colour>GREEN</colour>
        </sides>
    </tiles>
    <tiles>
        <platform>false</platform>
        <sides>
            <colour>ORANGE</colour>
        </sides>
        <sides>
            <colour>BLACK</colour>
        </sides>
        <sides>
            <colour>PURPLE</colour>
        </sides>
        <sides>
            <colour>RED</colour>
        </sides>
    </tiles>
    <tiles>
        <platform>true</platform>
        <sides>
            <colour>BLACK</colour>
        </sides>
        <sides>
            <colour>WHITE</colour>
        </sides>
        <sides>
            <colour>BLACK</colour>
        </sides>
        <sides>
            <colour>WHITE</colour>
        </sides>
    </tiles>
    <tiles>
        <platform>false</platform>
        <sides>
            <colour>GREEN</colour>
        </sides>
        <sides>
            <colour>RED</colour>
        </sides>
        <sides>
            <colour>ORANGE</colour>
        </sides>
        <sides>
            <colour>WHITE</colour>
        </sides>
    </tiles>
    <tiles>
        <platform>false</platform>
        <sides>
            <colour>BLUE</colour>
        </sides>
        <sides>
            <colour>WHITE</colour>
        </sides>
        <sides>
            <colour>GREEN</colour>
        </sides>
        <sides>
            <colour>PURPLE</colour>
        </sides>
    </tiles>
    <tiles>
        <platform>false</platform>
        <sides>
            <colour>BLUE</colour>
        </sides>
        <sides>
            <colour>RED</colour>
        </sides>
        <sides>
            <colour>WHITE</colour>
        </sides>
        <sides>
            <colour>BLACK</colour>
        </sides>
    </tiles>
    <tiles>
        <platform>true</platform>
        <sides>
            <colour>RED</colour>
        </sides>
        <sides>
            <colour>GREEN</colour>
        </sides>
        <sides>
            <colour>GREEN</colour>
        </sides>
        <sides>
            <colour>RED</colour>
        </sides>
    </tiles>
</game>
