<?xml version="1.0" encoding="UTF-8" standalone="yes"?>
<game>
    <cards>
        <colour>ORANGE</colour>
        <quantity>2</quantity>
    </cards>
    <cards>
        <colour>GREEN</colour>
        <quantity>2</quantity>
    </cards>
    <cards>
        <colour>PURPLE</colour>
        <quantity>1</quantity>
    </cards>
    <cards>
        <colour>WHITE</colour>
        <quantity>2</quantity>
    </cards>
    <cards>
        <colour>BLUE</colour>
        <quantity>4</quantity>
    </cards>
    <cards>
        <colour>RED</colour>
        <quantity>4</quantity>
    </cards>
    <cards>
        <colour>BLACK</colour>
        <quantity>1</quantity>
    </cards>
    <currentTurnPlayer>2</currentTurnPlayer>
    <dedications>
        <dedications>
            <token>
                <tokenType>FOUR_OF_A_KIND</tokenType>
                <tokenValue>4</tokenValue>
            </token>
            <token>
                <tokenType>FOUR_OF_A_KIND</tokenType>
                <tokenValue>5</tokenValue>
            </token>
            <token>
                <tokenType>FOUR_OF_A_KIND</tokenType>
                <tokenValue>5</tokenValue>
            </token>
            <token>
                <tokenType>FOUR_OF_A_KIND</tokenType>
                <tokenValue>5</tokenValue>
            </token>
            <token>
                <tokenType>FOUR_OF_A_KIND</tokenType>
                <tokenValue>6</tokenValue>
            </token>
            <token>
                <tokenType>FOUR_OF_A_KIND</tokenType>
                <tokenValue>6</tokenValue>
            </token>
            <token>
                <tokenType>FOUR_OF_A_KIND</tokenType>
                <tokenValue>7</tokenValue>
            </token>
            <token>
                <tokenType>FOUR_OF_A_KIND</tokenType>
                <tokenValue>8</tokenValue>
            </token>
        </dedications>
        <dedications>
            <token>
                <tokenType>THREE_PAIRS</tokenType>
                <tokenValue>5</tokenValue>
            </token>
            <token>
                <tokenType>THREE_PAIRS</tokenType>
                <tokenValue>5</tokenValue>
            </token>
            <token>
                <tokenType>THREE_PAIRS</tokenType>
                <tokenValue>6</tokenValue>
            </token>
            <token>
                <tokenType>THREE_PAIRS</tokenType>
                <tokenValue>6</tokenValue>
            </token>
            <token>
                <tokenType>THREE_PAIRS</tokenType>
                <tokenValue>7</tokenValue>
            </token>
            <token>
                <tokenType>THREE_PAIRS</tokenType>
                <tokenValue>7</tokenValue>
            </token>
            <token>
                <tokenType>THREE_PAIRS</tokenType>
                <tokenValue>8</tokenValue>
            </token>
            <token>
                <tokenType>THREE_PAIRS</tokenType>
                <tokenValue>9</tokenValue>
            </token>
        </dedications>
        <dedications>
            <token>
                <tokenType>SEVEN_UNIQUE</tokenType>
                <tokenValue>5</tokenValue>
            </token>
            <token>
                <tokenType>SEVEN_UNIQUE</tokenType>
                f<tokenValue>6</tokenValue>
            </token>
            <token>
                <tokenType>SEVEN_UNIQUE</tokenType>
                <tokenValue>7</tokenValue>
            </token>
            <token>
                <tokenType>SEVEN_UNIQUE</tokenType>
                <tokenValue>7</tokenValue>
            </token>
            <token>
                <tokenType>SEVEN_UNIQUE</tokenType>
                <tokenValue>8</tokenValue>
            </token>
            <token>
                <tokenType>SEVEN_UNIQUE</tokenType>
                <tokenValue>8</tokenValue>
            </token>
            <token>
                <tokenType>SEVEN_UNIQUE</tokenType>
                <tokenValue>9</tokenValue>
            </token>
            <token>
                <tokenType>SEVEN_UNIQUE</tokenType>
                <tokenValue>10</tokenValue>
            </token>
        </dedications>
        <dedications>
            <token>
                <tokenType>GENERIC</tokenType>
                <tokenValue>4</tokenValue>
            </token>
            <token>
                <tokenType>GENERIC</tokenType>
                <tokenValue>4</tokenValue>
            </token>
            <token>
                <tokenType>GENERIC</tokenType>
                <tokenValue>4</tokenValue>
            </token>
        </dedications>
    </dedications>
    <favors>5</favors>
    <id>1438302731994_AlphaBravoCharlie</id>
    <lake>
        <id>BRWK.</id>
        <platform>false</platform>
        <sides>
            <colour>RED</colour>
        </sides>
        <sides>
            <colour>WHITE</colour>
        </sides>
        <sides>
            <adjacent>PPRGp</adjacent>
            <colour>BLACK</colour>
        </sides>
        <sides>
            <colour>BLUE</colour>
        </sides>
    </lake>
    <lake>
        <id>PPRGp</id>
        <platform>true</platform>
        <sides>
            <adjacent>BRWK.</adjacent>
            <colour>RED</colour>
        </sides>
        <sides>
            <colour>GREEN</colour>
        </sides>
        <sides>
            <colour>PURPLE</colour>
        </sides>
        <sides>
            <adjacent>OPWWp</adjacent>
            <colour>PURPLE</colour>
        </sides>
    </lake>
    <lake>
        <id>OPWWp</id>
        <platform>true</platform>
        <sides>
            <colour>ORANGE</colour>
        </sides>
        <sides>
            <adjacent>PPRGp</adjacent>
            <colour>PURPLE</colour>
        </sides>
        <sides>
            <adjacent>BKWG</adjacent>
            <colour>WHITE</colour>
        </sides>
        <sides>
            <colour>WHITE</colour>
        </sides>
    </lake>
    <lake>
        <id>BKWG</id>
        <platform>false</platform>
        <sides>
            <adjacent>OPWWp</adjacent>
            <colour>GREEN</colour>
        </sides>
        <sides>
            <colour>BLUE</colour>
        </sides>
        <sides>
            <colour>BLACK</colour>
        </sides>
        <sides>
            <colour>WHITE</colour>
        </sides>
    </lake>
    <players>
        <cards>
            <colour>ORANGE</colour>
            <quantity>4</quantity>
        </cards>
        <cards>
            <colour>GREEN</colour>
            <quantity>3</quantity>
        </cards>
        <cards>
            <colour>PURPLE</colour>
            <quantity>2</quantity>
        </cards>
        <cards>
            <colour>WHITE</colour>
            <quantity>2</quantity>
        </cards>
        <cards>
            <colour>BLUE</colour>
            <quantity>0</quantity>
        </cards>
        <cards>
            <colour>RED</colour>
            <quantity>2</quantity>
        </cards>
        <cards>
            <colour>BLACK</colour>
            <quantity>0</quantity>
        </cards>
        <dedications/>
        <favors>5</favors>
        <id>0</id>
        <name>Alpha</name>
        <tiles>
            <id>BRWK.</id>
            <platform>false</platform>
            <sides>
                <colour>BLUE</colour>
            </sides>
            <sides>
                <colour>RED</colour>
            </sides>
            <sides>
                <colour>WHITE</colour>
            </sides>
            <sides>
                <colour>BLACK</colour>
            </sides>
        </tiles>
    </players>
    <players>
        <cards>
            <colour>ORANGE</colour>
            <quantity>0</quantity>
        </cards>
        <cards>
            <colour>GREEN</colour>
            <quantity>1</quantity>
        </cards>
        <cards>
            <colour>PURPLE</colour>
            <quantity>2</quantity>
        </cards>
        <cards>
            <colour>WHITE</colour>
            <quantity>2</quantity>
        </cards>
        <cards>
            <colour>BLUE</colour>
            <quantity>2</quantity>
        </cards>
        <cards>
            <colour>RED</colour>
            <quantity>0</quantity>
        </cards>
        <cards>
            <colour>BLACK</colour>
            <quantity>4</quantity>
        </cards>
        <dedications/>
        <favors>5</favors>
        <id>1</id>
        <name>Bravo</name>
        <tiles>
            <id>GGGR.</id>
            <platform>false</platform>
            <sides>
                <colour>GREEN</colour>
            </sides>
            <sides>
                <colour>GREEN</colour>
            </sides>
            <sides>
                <colour>GREEN</colour>
            </sides>
            <sides>
                <colour>RED</colour>
            </sides>
        </tiles>
    </players>
    <players>
        <cards>
            <colour>ORANGE</colour>
            <quantity>1</quantity>
        </cards>
        <cards>
            <colour>GREEN</colour>
            <quantity>1</quantity>
        </cards>
        <cards>
            <colour>PURPLE</colour>
            <quantity>2</quantity>
        </cards>
        <cards>
            <colour>WHITE</colour>
            <quantity>1</quantity>
        </cards>
        <cards>
            <colour>BLUE</colour>
            <quantity>1</quantity>
        </cards>
        <cards>
            <colour>RED</colour>
            <quantity>1</quantity>
        </cards>
        <cards>
            <colour>BLACK</colour>
            <quantity>2</quantity>
        </cards>
        <dedications/>
        <favors>5</favors>
        <id>2</id>
        <name>Charlie</name>
        <tiles>
            <id>BRKG.</id>
            <platform>false</platform>
            <sides>
                <colour>BLUE</colour>
            </sides>
            <sides>
                <colour>RED</colour>
            </sides>
            <sides>
                <colour>BLACK</colour>
            </sides>
            <sides>
                <colour>GREEN</colour>
            </sides>
        </tiles>
    </players>
    <started>false</started>
    <tiles>
            <id>WGPB</id>
            <platform>false</platform>
            <sides>
                <colour>WHITE</colour>
            </sides>
            <sides>
                <colour>GREEN</colour>
            </sides>
            <sides>
                <colour>PURPLE</colour>
            </sides>
            <sides>
                <colour>BLUE</colour>
            </sides>
        </tiles>
</game>
